id,first_name,last_name,email,gender,ip_address,time
1,Gloriana,Drynan,gdrynan0@mac.com,Female,0.133.158.126,2019-01-29 00:02:45
2,Otho,Churchouse,ochurchouse1@cnbc.com,Male,213.220.10.33,2020-08-18 07:32:52
3,Marcile,De Cristoforo,mdecristoforo2@spiegel.de,Female,136.23.33.26,2019-03-04 19:47:15
4,Eddi,Cowpe,ecowpe3@instagram.com,Female,241.208.40.134,2020-11-21 18:58:49
5,Linzy,Beere,lbeere4@cbsnews.com,Female,210.114.195.202,2020-02-26 16:12:41
6,Casey,McCotter,cmccotter5@bloglovin.com,Female,185.34.241.158,2020-05-23 00:51:42
7,Avictor,Goodier,agoodier6@state.gov,Male,239.246.181.95,2019-01-06 02:50:15
8,Leeann,Ratnege,lratnege7@addthis.com,Female,250.60.124.171,2020-08-11 09:43:48
9,Aymer,Jarman,ajarman8@va.gov,Male,227.11.5.39,2020-03-15 22:06:54
10,Francyne,Gallamore,fgallamore9@bigcartel.com,Female,176.55.244.87,2020-06-18 14:32:52